{
  "problem": {
    "n": 100,
    "m": 100,
    "k": 10,
    "seed": 42,
    "representation": "quadruplets"
  },
  "algorithms": {
    "frank_wolfe": {
      "solution": [
        0.0,
        0.0,
        0.0,
        0.0,
        0.19999999999999998,
        0.0,
        0.0,
        0.0,
        0.0,
        0.0,
        0.0,
        1.0,
        0.0,
        0.0,
        1.0,
        0.0,
        0.0,
        0.4999999999999997,
        0.0,
        0.0,
        0.0,
        0.0,
        0.0,
        0.0,
        0.0,
        0.0,
        0.0,
        0.0,
        0.0,
        0.0,
        0.0,
        0.0,
        0.0,
        0.0,
        0.0,
        0.0,
        0.0,
        0.0,
        0.0,
        1.0,
        0.0,
        0.0,
        0.0,
        0.0,
        0.0,
        0.0,
        0.0,
        0.3,
        0.0,
        0.0,
        0.0,
        1.0,
        0.0,
        0.0,
        0.0,
        1.0,
        0.0,
        0.0,
        0.0,
        0.0,
        0.0,
        0.0,
        0.0,
        0.0,
        0.0,
        0.0,
        0.0,
        0.8,
        0.0,
        0.0,
        0.0,
        0.0,
        0.0,
        0.0,
        1.0,
        0.0,
        0.0,
        0.19999999999999998,
        0.0,
        0.0,
        0.0,
        0.0,
        0.0,
        0.0,
        1.0,
        0.0,
        0.0,
        0.0,
        0.0,
        0.0,
        0.0,
        0.0,
        0.0,
        1.0,
        0.0,
        0.0,
        0.0,
        0.0,
        0.0,
        0.0
      ],
      "objective": 191.61699574936395,
      "iterations": 4,
      "runtime": 0.07077431678771973,
      "log": {
        "iter": [
          0,
          1,
          2,
          3
        ],
        "obj_val": [
          1.0000000001000005,
          191.75057959707286,
          191.4505702474604,
          191.52794000211395
        ],
        "step_size": [
          1.0,
          0.6666666666666666,
          0.5,
          0.4
        ],
        "duality_gap": [
          192.76321079253992,
          0.3134425259031701,
          0.5045610137554917,
          0.2226395606084477
        ],
        "grad_norm": [
          123.91453118286529,
          123.58798131203535,
          123.44313816297797,
          123.38100788660634
        ],
        "time_per_iter": [
          0.009163141250610352,
          0.016039133071899414,
          0.018342018127441406,
          0.012092351913452148
        ]
      }
    },
    "greedy": {
      "solution": [
        0,
        0,
        0,
        0,
        0,
        0,
        0,
        0,
        0,
        0,
        0,
        1,
        0,
        0,
        1,
        0,
        0,
        1,
        0,
        0,
        0,
        0,
        0,
        0,
        0,
        0,
        0,
        0,
        0,
        0,
        0,
        0,
        0,
        0,
        0,
        0,
        0,
        0,
        0,
        1,
        0,
        0,
        0,
        0,
        0,
        0,
        0,
        0,
        0,
        0,
        0,
        1,
        0,
        0,
        0,
        1,
        0,
        0,
        0,
        0,
        0,
        0,
        0,
        0,
        0,
        0,
        0,
        1,
        0,
        0,
        0,
        0,
        0,
        0,
        1,
        0,
        0,
        0,
        0,
        0,
        0,
        0,
        0,
        0,
        1,
        0,
        0,
        0,
        0,
        0,
        0,
        0,
        0,
        1,
        0,
        0,
        0,
        0,
        0,
        0
      ],
      "objective": 191.75057985851325,
      "runtime": 6.636026620864868,
      "stats": {
        "iterations": 100,
        "obj_evaluations": 5061,
        "selected_count": 10,
        "time_per_iter": []
      }
    },
    "randomized_rounding": {
      "solution": [
        0,
        0,
        0,
        0,
        0,
        0,
        0,
        0,
        0,
        0,
        0,
        1,
        0,
        0,
        1,
        0,
        0,
        1,
        0,
        0,
        0,
        0,
        0,
        0,
        0,
        0,
        0,
        0,
        0,
        0,
        0,
        0,
        0,
        0,
        0,
        0,
        0,
        0,
        0,
        1,
        0,
        0,
        0,
        0,
        0,
        0,
        0,
        0,
        0,
        0,
        0,
        1,
        0,
        0,
        0,
        1,
        0,
        0,
        0,
        0,
        0,
        0,
        0,
        0,
        0,
        0,
        0,
        1,
        0,
        0,
        0,
        0,
        0,
        0,
        1,
        0,
        0,
        0,
        0,
        0,
        0,
        0,
        0,
        0,
        1,
        0,
        0,
        0,
        0,
        0,
        0,
        0,
        0,
        1,
        0,
        0,
        0,
        0,
        0,
        0
      ],
      "objective": 191.75057954440234,
      "runtime": 0.0991508960723877,
      "abs_gap": -0.13358379503839046,
      "rel_gap": -0.0006971395961823698,
      "stats": {
        "num_samples": 100,
        "num_feasible": 74,
        "feasibility_rate": 0.74
      }
    },
    "contention_resolution": {
      "solution": [
        0,
        0,
        0,
        0,
        0,
        0,
        0,
        0,
        0,
        0,
        0,
        1,
        0,
        0,
        1,
        0,
        0,
        0,
        0,
        0,
        0,
        0,
        0,
        0,
        0,
        0,
        0,
        0,
        0,
        0,
        0,
        0,
        0,
        0,
        0,
        0,
        0,
        0,
        0,
        1,
        0,
        0,
        0,
        0,
        0,
        0,
        0,
        1,
        0,
        0,
        0,
        1,
        0,
        0,
        0,
        1,
        0,
        0,
        0,
        0,
        0,
        0,
        0,
        0,
        0,
        0,
        0,
        1,
        0,
        0,
        0,
        0,
        0,
        0,
        1,
        0,
        0,
        0,
        0,
        0,
        0,
        0,
        0,
        0,
        1,
        0,
        0,
        0,
        0,
        0,
        0,
        0,
        0,
        1,
        0,
        0,
        0,
        0,
        0,
        0
      ],
      "objective": 191.6053097610368,
      "runtime": 0.002472400665283203,
      "abs_gap": 0.011685988327144514,
      "rel_gap": 6.0986178608237075e-05,
      "stats": {
        "num_samples": 10,
        "runtime": 0.0023620128631591797
      }
    },